{
  "name": "bootstrap-wysihtml5",
  "main": [
    "src/bootstrap-wysihtml5.css",
    "src/bootstrap-wysihtml5.js"
  ],
  "dependencies": {
    "wysihtml5": "~0.3.0"
  },
  "homepage": "https://github.com/jhollingworth/bootstrap-wysihtml5",
  "_release": "1b2506a98f",
  "_resolution": {
    "type": "branch",
    "branch": "master",
    "commit": "1b2506a98f481afd511ddee7803c9495108e0e0d"
  },
  "_source": "git://github.com/jhollingworth/bootstrap-wysihtml5.git",
  "_target": "*",
  "_originalSource": "bootstrap-wysihtml5"
}